fecha,precio_cu_usd_lb,precio_zn_usd_lb,precio_ag_usd_oz,tipo_cambio_pen_usd
2024-01-01,4.1,1.2,26.0,3.75
2024-01-02,4.072,1.194,26.065,3.7536
2024-01-03,4.074,1.184,26.064,3.7477
2024-01-04,4.052,1.187,26.287,3.7481
2024-01-05,4.027,1.181,26.463,3.7432
2024-01-06,4.056,1.183,26.471,3.7474
2024-01-07,4.072,1.186,26.625,3.7484
2024-01-08,4.053,1.183,26.322,3.7488
2024-01-09,4.015,1.182,26.411,3.7451
2024-01-10,4.037,1.197,26.615,3.745
2024-01-11,4.059,1.197,26.619,3.7458
2024-01-12,4.06,1.194,26.382,3.7459
2024-01-13,4.05,1.192,26.065,3.7509
2024-01-14,4.073,1.182,25.933,3.7494
2024-01-15,4.13,1.184,25.835,3.7494
2024-01-16,4.161,1.169,25.527,3.7514
2024-01-17,4.161,1.174,25.642,3.7477
2024-01-18,4.17,1.177,25.699,3.7501
2024-01-19,4.146,1.175,25.85,3.7477
2024-01-20,4.089,1.171,25.687,3.7484
2024-01-21,4.095,1.174,25.943,3.7523
2024-01-22,4.091,1.186,25.975,3.7524
2024-01-23,4.14,1.185,25.779,3.7483
2024-01-24,4.143,1.19,25.844,3.7503
2024-01-25,4.175,1.176,25.942,3.7525
2024-01-26,4.201,1.178,26.163,3.7566
2024-01-27,4.174,1.185,26.297,3.7542
2024-01-28,4.167,1.194,26.17,3.7514
2024-01-29,4.162,1.207,26.397,3.7497
2024-01-30,4.131,1.211,25.98,3.7512
2024-01-31,4.143,1.203,26.037,3.7508
2024-02-01,4.144,1.193,25.938,3.7492
2024-02-02,4.124,1.189,25.971,3.7506
2024-02-03,4.129,1.192,26.079,3.7537
2024-02-04,4.128,1.193,26.276,3.7482
2024-02-05,4.138,1.198,26.364,3.748
2024-02-06,4.132,1.197,26.439,3.7503
2024-02-07,4.127,1.202,26.229,3.7505
2024-02-08,4.129,1.207,25.998,3.7541
2024-02-09,4.139,1.212,25.913,3.7523
2024-02-10,4.138,1.207,26.016,3.7518
2024-02-11,4.169,1.221,25.994,3.7502
2024-02-12,4.177,1.212,26.217,3.7477
2024-02-13,4.176,1.216,25.994,3.7475
2024-02-14,4.164,1.218,26.005,3.7445
2024-02-15,4.115,1.207,25.936,3.7406
2024-02-16,4.096,1.202,25.688,3.7441
2024-02-17,4.1,1.202,25.836,3.7422
2024-02-18,4.106,1.191,26.097,3.7491
2024-02-19,4.124,1.187,26.082,3.7445
2024-02-20,4.116,1.192,26.104,3.7415
2024-02-21,4.148,1.191,26.084,3.7418
2024-02-22,4.096,1.189,26.267,3.7508
2024-02-23,4.107,1.167,26.459,3.7529
2024-02-24,4.076,1.15,26.201,3.7514
2024-02-25,4.105,1.141,26.043,3.7526
2024-02-26,4.121,1.131,26.344,3.7443
2024-02-27,4.099,1.127,26.343,3.745
2024-02-28,4.082,1.125,26.082,3.7463
2024-02-29,4.103,1.123,26.196,3.7503
2024-03-01,4.107,1.127,26.163,3.7467
2024-03-02,4.105,1.113,26.101,3.7466
2024-03-03,4.089,1.112,26.193,3.7504
2024-03-04,4.098,1.107,26.236,3.7475
2024-03-05,4.089,1.106,26.321,3.7467
2024-03-06,4.079,1.102,26.18,3.7516
2024-03-07,4.059,1.096,26.13,3.7523
2024-03-08,4.063,1.1,26.2,3.751
2024-03-09,4.059,1.102,25.824,3.7543
2024-03-10,4.043,1.105,25.784,3.7538
2024-03-11,4.024,1.095,25.685,3.7542
2024-03-12,4.017,1.094,25.718,3.7524
2024-03-13,3.995,1.1,25.615,3.7501
2024-03-14,4.022,1.091,25.656,3.7465
2024-03-15,4.034,1.09,25.577,3.7496
2024-03-16,4.021,1.095,25.718,3.7458
2024-03-17,4.058,1.106,25.602,3.7416
2024-03-18,4.029,1.109,25.564,3.7433
2024-03-19,4.042,1.103,25.471,3.7419
2024-03-20,4.048,1.086,25.317,3.7428
2024-03-21,4.037,1.076,25.378,3.7433
2024-03-22,4.062,1.064,25.509,3.7433
2024-03-23,4.076,1.068,25.657,3.7471
2024-03-24,4.082,1.069,25.727,3.7488
2024-03-25,4.126,1.077,25.681,3.7482
2024-03-26,4.139,1.079,25.881,3.7443
2024-03-27,4.152,1.089,25.764,3.7428
2024-03-28,4.15,1.088,25.673,3.7417
2024-03-29,4.135,1.07,25.687,3.7406
2024-03-30,4.151,1.074,25.684,3.7413
2024-03-31,4.129,1.078,25.779,3.7388
2024-04-01,4.108,1.069,25.631,3.7349
2024-04-02,4.108,1.074,25.948,3.7378
2024-04-03,4.063,1.081,25.89,3.7396
2024-04-04,4.067,1.065,25.841,3.7398
2024-04-05,4.069,1.059,25.77,3.7421
2024-04-06,4.078,1.046,25.828,3.7446
2024-04-07,4.052,1.041,25.767,3.7454
2024-04-08,4.035,1.041,25.64,3.7446
2024-04-09,4.003,1.044,25.644,3.7495
2024-04-10,3.973,1.035,25.682,3.7501
2024-04-11,3.993,1.049,25.834,3.752
2024-04-12,3.995,1.048,26.108,3.7537
2024-04-13,3.972,1.056,26.174,3.7511
2024-04-14,3.944,1.06,26.409,3.7572
2024-04-15,3.934,1.058,26.416,3.756
2024-04-16,3.917,1.048,26.43,3.7568
2024-04-17,3.909,1.038,26.589,3.7566
2024-04-18,3.912,1.029,26.519,3.7557
2024-04-19,3.934,1.039,26.238,3.7534
2024-04-20,3.944,1.027,25.818,3.7545
2024-04-21,3.97,1.043,25.879,3.7532
2024-04-22,3.998,1.026,25.81,3.7558
2024-04-23,4.005,1.037,25.932,3.7541
2024-04-24,3.972,1.044,26.195,3.7494
2024-04-25,3.931,1.042,26.181,3.7464
2024-04-26,3.932,1.041,26.118,3.7515
2024-04-27,3.968,1.043,26.192,3.7499
2024-04-28,3.993,1.043,26.176,3.7503
2024-04-29,4.015,1.044,26.093,3.7447
2024-04-30,4.014,1.036,26.234,3.7433
2024-05-01,4.004,1.031,26.187,3.7455
2024-05-02,4.005,1.039,26.072,3.747
2024-05-03,3.979,1.048,26.093,3.7514
2024-05-04,3.983,1.035,26.381,3.7527
2024-05-05,3.995,1.023,26.557,3.7564
2024-05-06,3.975,1.029,26.798,3.7554
2024-05-07,4.009,1.026,26.943,3.7545
2024-05-08,3.996,1.017,26.799,3.7556
2024-05-09,4.012,1.009,27.01,3.7524
2024-05-10,4.072,1.012,27.276,3.7548
2024-05-11,4.071,1.0,27.266,3.7578
2024-05-12,4.075,1.0,27.425,3.7573
2024-05-13,4.091,1.008,27.387,3.7605
2024-05-14,4.067,1.01,27.182,3.7634
2024-05-15,4.09,1.014,27.311,3.7654
2024-05-16,4.098,1.02,27.329,3.7652
2024-05-17,4.094,1.012,27.238,3.7629
2024-05-18,4.095,1.013,27.063,3.7636
2024-05-19,4.087,1.008,27.177,3.7661
2024-05-20,4.08,1.02,27.405,3.7662
2024-05-21,4.091,1.01,27.287,3.7663
2024-05-22,4.086,1.003,27.358,3.7632
2024-05-23,4.093,1.0,27.484,3.7569
2024-05-24,4.103,1.009,27.715,3.7566
2024-05-25,4.087,1.0,27.6,3.7546
2024-05-26,4.106,1.0,27.342,3.7537
2024-05-27,4.1,1.0,27.31,3.7536
2024-05-28,4.125,1.0,27.47,3.755
2024-05-29,4.116,1.0,27.583,3.7557
2024-05-30,4.11,1.013,27.601,3.7572
2024-05-31,4.111,1.001,27.359,3.7614
2024-06-01,4.119,1.006,27.202,3.7576
2024-06-02,4.125,1.014,27.224,3.7601
2024-06-03,4.138,1.01,27.129,3.7631
2024-06-04,4.144,1.011,27.109,3.7683
2024-06-05,4.142,1.012,27.063,3.77
2024-06-06,4.13,1.004,26.857,3.7649
2024-06-07,4.134,1.002,26.801,3.7611
2024-06-08,4.113,1.003,26.554,3.7554
2024-06-09,4.128,1.009,26.65,3.7557
2024-06-10,4.106,1.014,26.843,3.7597
2024-06-11,4.094,1.024,26.871,3.759
2024-06-12,4.115,1.03,26.693,3.761
2024-06-13,4.094,1.032,26.802,3.7623
2024-06-14,4.087,1.058,26.35,3.7594
2024-06-15,4.068,1.061,26.144,3.7521
2024-06-16,4.073,1.052,25.988,3.7475
2024-06-17,4.064,1.059,25.958,3.7554
2024-06-18,4.077,1.06,26.04,3.7597
2024-06-19,4.084,1.065,26.1,3.7606
2024-06-20,4.086,1.055,25.858,3.7617
2024-06-21,4.082,1.062,25.792,3.7574
2024-06-22,4.079,1.051,25.595,3.7584
2024-06-23,4.084,1.056,25.59,3.7622
2024-06-24,4.07,1.05,25.649,3.7592
2024-06-25,4.079,1.055,25.546,3.7619
2024-06-26,4.086,1.065,25.687,3.7667
2024-06-27,4.083,1.065,25.594,3.7685
2024-06-28,4.08,1.051,25.68,3.7687
2024-06-29,4.086,1.051,25.978,3.7716
2024-06-30,4.086,1.055,25.843,3.7714
2024-07-01,4.074,1.061,25.891,3.7709
2024-07-02,4.099,1.064,25.89,3.7739
2024-07-03,4.116,1.067,25.631,3.7754
2024-07-04,4.11,1.071,25.566,3.7725
2024-07-05,4.139,1.076,25.48,3.7718
2024-07-06,4.146,1.073,25.581,3.7738
2024-07-07,4.154,1.081,25.691,3.7731
2024-07-08,4.177,1.079,25.663,3.773
2024-07-09,4.17,1.075,25.853,3.771
2024-07-10,4.179,1.068,25.925,3.769
2024-07-11,4.191,1.064,26.12,3.7743
2024-07-12,4.19,1.067,25.86,3.7753
2024-07-13,4.2,1.056,25.885,3.7797
2024-07-14,4.174,1.062,25.895,3.7857
2024-07-15,4.171,1.057,26.051,3.7809
2024-07-16,4.155,1.056,26.229,3.7736
2024-07-17,4.172,1.047,26.174,3.7739
2024-07-18,4.183,1.052,26.064,3.7711
2024-07-19,4.136,1.066,26.227,3.7716
2024-07-20,4.131,1.066,26.046,3.7739
2024-07-21,4.164,1.06,25.813,3.772
2024-07-22,4.123,1.062,25.797,3.7694
2024-07-23,4.145,1.064,25.823,3.7701
2024-07-24,4.15,1.064,25.784,3.7725
2024-07-25,4.142,1.074,25.778,3.7819
2024-07-26,4.153,1.062,25.719,3.7847
2024-07-27,4.143,1.048,25.712,3.782
2024-07-28,4.138,1.055,25.659,3.7871
2024-07-29,4.093,1.041,25.718,3.7868
2024-07-30,4.1,1.041,25.56,3.7862
2024-07-31,4.089,1.04,25.614,3.7866
2024-08-01,4.084,1.062,25.64,3.7845
2024-08-02,4.076,1.051,25.829,3.7842
2024-08-03,4.113,1.061,25.836,3.7868
2024-08-04,4.099,1.062,25.851,3.7843
2024-08-05,4.105,1.047,25.915,3.7853
2024-08-06,4.077,1.043,25.989,3.7888
2024-08-07,4.089,1.04,25.868,3.7886
2024-08-08,4.095,1.05,25.959,3.7854
2024-08-09,4.097,1.044,25.802,3.7841
2024-08-10,4.069,1.033,25.982,3.7842
2024-08-11,4.046,1.033,25.853,3.783
2024-08-12,4.022,1.032,25.843,3.784
2024-08-13,4.036,1.026,25.927,3.7901
2024-08-14,4.041,1.021,26.029,3.792
2024-08-15,4.029,1.028,25.989,3.7927
2024-08-16,4.022,1.025,26.06,3.7918
2024-08-17,4.041,1.028,26.139,3.7917
2024-08-18,4.058,1.033,25.942,3.7959
2024-08-19,4.058,1.037,25.912,3.7937
2024-08-20,4.048,1.031,25.944,3.7893
2024-08-21,4.048,1.029,25.927,3.7897
2024-08-22,4.022,1.025,25.983,3.7879
2024-08-23,4.015,1.033,26.022,3.7896
2024-08-24,4.018,1.03,26.325,3.787
2024-08-25,4.008,1.031,26.274,3.7861
2024-08-26,4.037,1.037,26.209,3.7854
2024-08-27,4.032,1.062,26.332,3.7878
2024-08-28,4.012,1.057,26.217,3.7894
2024-08-29,4.021,1.066,26.28,3.7844
2024-08-30,4.009,1.045,26.117,3.7907
2024-08-31,4.026,1.041,25.92,3.7936
2024-09-01,4.019,1.058,25.891,3.7907
2024-09-02,4.02,1.057,25.855,3.784
2024-09-03,4.032,1.058,25.923,3.7837
2024-09-04,4.061,1.062,26.136,3.7821
2024-09-05,4.056,1.056,26.098,3.7788
2024-09-06,4.051,1.071,26.205,3.7843
2024-09-07,4.061,1.081,26.216,3.7818
2024-09-08,4.093,1.093,26.05,3.7858
2024-09-09,4.09,1.107,26.154,3.7825
2024-09-10,4.082,1.109,26.188,3.7812
2024-09-11,4.069,1.101,25.948,3.7863
2024-09-12,4.059,1.105,25.891,3.7837
2024-09-13,4.025,1.099,25.863,3.7821
2024-09-14,4.059,1.097,25.989,3.7793
2024-09-15,4.066,1.09,26.1,3.7799
2024-09-16,4.077,1.09,26.183,3.7792
2024-09-17,4.125,1.083,26.208,3.7818
2024-09-18,4.134,1.086,26.226,3.7758
2024-09-19,4.154,1.079,26.179,3.7746
2024-09-20,4.144,1.073,26.224,3.7763
2024-09-21,4.148,1.077,26.249,3.7772
2024-09-22,4.132,1.071,26.276,3.7806
2024-09-23,4.159,1.066,26.136,3.78
2024-09-24,4.121,1.076,26.275,3.7751
2024-09-25,4.114,1.073,26.271,3.7759
2024-09-26,4.108,1.062,26.093,3.7696
2024-09-27,4.109,1.062,26.199,3.7659
2024-09-28,4.107,1.055,26.264,3.7691
2024-09-29,4.111,1.058,26.248,3.7676
2024-09-30,4.136,1.057,25.838,3.7719
2024-10-01,4.14,1.054,25.908,3.7723
2024-10-02,4.187,1.053,26.104,3.7755
2024-10-03,4.211,1.058,25.894,3.7768
2024-10-04,4.184,1.057,26.102,3.7811
2024-10-05,4.176,1.07,26.166,3.7814
2024-10-06,4.17,1.073,26.36,3.7813
2024-10-07,4.146,1.071,26.146,3.7867
2024-10-08,4.149,1.063,26.147,3.7853
2024-10-09,4.153,1.064,25.99,3.7849
2024-10-10,4.087,1.075,26.233,3.7867
2024-10-11,4.052,1.068,26.295,3.7893
2024-10-12,4.069,1.07,26.446,3.7923
2024-10-13,4.052,1.067,26.443,3.7962
2024-10-14,4.037,1.056,26.52,3.7967
2024-10-15,4.038,1.056,26.503,3.8017
2024-10-16,4.058,1.065,26.62,3.8001
2024-10-17,4.08,1.048,26.669,3.8025
2024-10-18,4.056,1.042,26.65,3.8045
2024-10-19,4.074,1.029,26.612,3.805
2024-10-20,4.128,1.029,26.602,3.8061
2024-10-21,4.113,1.032,26.715,3.8103
2024-10-22,4.105,1.031,26.609,3.8084
2024-10-23,4.079,1.043,26.557,3.8072
2024-10-24,4.067,1.044,26.701,3.8089
2024-10-25,4.056,1.057,26.751,3.8073
2024-10-26,4.06,1.051,26.876,3.8122
2024-10-27,4.062,1.069,26.764,3.8082
2024-10-28,4.089,1.06,27.007,3.8063
2024-10-29,4.105,1.077,27.276,3.8063
2024-10-30,4.086,1.086,26.893,3.8089
2024-10-31,4.1,1.073,27.01,3.8044
2024-11-01,4.115,1.083,26.93,3.8083
2024-11-02,4.091,1.088,26.911,3.8082
2024-11-03,4.111,1.087,26.838,3.8093
2024-11-04,4.098,1.09,26.698,3.8079
2024-11-05,4.114,1.077,26.878,3.8115
2024-11-06,4.128,1.072,26.952,3.813
2024-11-07,4.097,1.072,26.761,3.809
2024-11-08,4.088,1.069,26.561,3.806
2024-11-09,4.101,1.067,26.491,3.8063
2024-11-10,4.101,1.079,26.315,3.8085
2024-11-11,4.084,1.074,26.308,3.8045
2024-11-12,4.099,1.078,26.367,3.8017
2024-11-13,4.086,1.081,26.376,3.803
2024-11-14,4.109,1.077,25.994,3.8071
2024-11-15,4.127,1.078,26.059,3.806
2024-11-16,4.16,1.084,26.019,3.8013
2024-11-17,4.142,1.07,26.125,3.801
2024-11-18,4.154,1.079,25.944,3.7968
2024-11-19,4.159,1.077,25.942,3.7941
2024-11-20,4.145,1.101,25.856,3.7948
2024-11-21,4.129,1.109,26.147,3.7976
2024-11-22,4.149,1.11,26.182,3.7927
2024-11-23,4.15,1.096,26.219,3.7952
2024-11-24,4.14,1.092,26.533,3.7976
2024-11-25,4.15,1.093,26.686,3.799
2024-11-26,4.154,1.097,26.513,3.7988
2024-11-27,4.15,1.105,26.631,3.8023
2024-11-28,4.122,1.092,26.603,3.803
2024-11-29,4.149,1.099,26.353,3.799
2024-11-30,4.153,1.098,26.195,3.7972
2024-12-01,4.17,1.108,26.147,3.7994
2024-12-02,4.175,1.098,26.085,3.7993
2024-12-03,4.219,1.099,26.253,3.7971
2024-12-04,4.188,1.093,26.056,3.7967
2024-12-05,4.172,1.091,26.12,3.8025
2024-12-06,4.204,1.095,25.893,3.8027
2024-12-07,4.231,1.084,25.811,3.801
2024-12-08,4.195,1.084,25.748,3.8011
2024-12-09,4.202,1.087,25.612,3.8006
2024-12-10,4.182,1.098,25.826,3.8035
2024-12-11,4.153,1.089,25.825,3.8051
2024-12-12,4.162,1.076,25.66,3.8017
2024-12-13,4.165,1.075,25.42,3.8016
2024-12-14,4.181,1.08,25.25,3.8049
2024-12-15,4.178,1.079,25.365,3.806
2024-12-16,4.163,1.091,25.619,3.8076
2024-12-17,4.115,1.1,25.471,3.8066
2024-12-18,4.145,1.093,25.394,3.8065
2024-12-19,4.147,1.101,25.306,3.8071
2024-12-20,4.173,1.113,25.228,3.808
2024-12-21,4.14,1.11,25.203,3.8065
2024-12-22,4.153,1.119,25.257,3.8072
2024-12-23,4.172,1.127,25.185,3.8105
2024-12-24,4.202,1.112,25.131,3.8088
2024-12-25,4.182,1.111,24.889,3.8109
2024-12-26,4.169,1.122,25.149,3.8098
2024-12-27,4.193,1.127,24.875,3.8118
2024-12-28,4.19,1.131,25.189,3.8144
2024-12-29,4.184,1.128,25.307,3.8175
2024-12-30,4.155,1.125,25.28,3.8188
2024-12-31,4.114,1.137,25.372,3.815
2025-01-01,4.074,1.137,25.286,3.8161
2025-01-02,4.079,1.142,25.387,3.8144
2025-01-03,4.061,1.157,25.359,3.8124
2025-01-04,4.052,1.161,25.59,3.8149
2025-01-05,4.036,1.154,25.683,3.8132
2025-01-06,4.026,1.171,25.601,3.8112
2025-01-07,4.02,1.18,25.383,3.812
2025-01-08,4.021,1.177,25.627,3.8087
2025-01-09,4.019,1.181,25.79,3.8127
2025-01-10,4.019,1.188,25.865,3.8181
2025-01-11,4.06,1.188,26.091,3.8188
2025-01-12,4.042,1.19,26.086,3.8176
2025-01-13,4.07,1.199,26.189,3.8141
2025-01-14,4.041,1.199,26.012,3.8139
2025-01-15,4.036,1.193,26.108,3.8108
2025-01-16,4.019,1.192,26.146,3.8108
2025-01-17,4.046,1.195,26.309,3.8125
2025-01-18,4.084,1.189,26.493,3.8147
2025-01-19,4.097,1.184,26.529,3.8142
2025-01-20,4.102,1.178,26.755,3.814
2025-01-21,4.146,1.177,27.194,3.8099
2025-01-22,4.146,1.157,27.006,3.8105
2025-01-23,4.162,1.162,26.859,3.8136
2025-01-24,4.163,1.163,26.849,3.8105
2025-01-25,4.184,1.17,26.792,3.8134
2025-01-26,4.175,1.165,26.621,3.8157
2025-01-27,4.189,1.161,26.908,3.8125
2025-01-28,4.234,1.169,27.049,3.8124
2025-01-29,4.242,1.171,27.103,3.8121
2025-01-30,4.23,1.167,27.205,3.817
2025-01-31,4.23,1.16,26.913,3.817
2025-02-01,4.25,1.145,27.232,3.8131
2025-02-02,4.256,1.139,27.159,3.8093
2025-02-03,4.253,1.133,27.285,3.8093
2025-02-04,4.239,1.121,27.264,3.8075
2025-02-05,4.224,1.122,27.067,3.8088
2025-02-06,4.221,1.114,26.855,3.8031
2025-02-07,4.228,1.125,27.226,3.8024
2025-02-08,4.251,1.126,27.153,3.7977
2025-02-09,4.254,1.144,26.931,3.7973
2025-02-10,4.243,1.137,27.079,3.7946
2025-02-11,4.256,1.131,27.217,3.7947
2025-02-12,4.247,1.123,26.916,3.7946
2025-02-13,4.29,1.111,27.014,3.7954
2025-02-14,4.286,1.119,27.153,3.7971
2025-02-15,4.282,1.125,26.986,3.7982
2025-02-16,4.3,1.121,27.039,3.7978
2025-02-17,4.266,1.123,27.13,3.7949
2025-02-18,4.24,1.126,27.106,3.7947
2025-02-19,4.226,1.132,27.264,3.7915
2025-02-20,4.184,1.136,27.02,3.7918
2025-02-21,4.14,1.143,26.762,3.7901
2025-02-22,4.166,1.13,26.745,3.7871
2025-02-23,4.134,1.145,26.468,3.7872
2025-02-24,4.165,1.145,26.366,3.7843
2025-02-25,4.147,1.135,26.205,3.7827
2025-02-26,4.164,1.144,26.3,3.7847
2025-02-27,4.178,1.156,26.499,3.7838
2025-02-28,4.157,1.168,26.513,3.7849
2025-03-01,4.179,1.172,26.62,3.7859
2025-03-02,4.193,1.189,26.681,3.7841
2025-03-03,4.162,1.193,26.849,3.7866
2025-03-04,4.143,1.177,27.008,3.7891
2025-03-05,4.132,1.185,26.88,3.7869
2025-03-06,4.149,1.195,26.829,3.7845
2025-03-07,4.182,1.2,26.905,3.7863
2025-03-08,4.169,1.209,26.913,3.7875
2025-03-09,4.173,1.2,26.941,3.7834
2025-03-10,4.165,1.194,26.834,3.7884
2025-03-11,4.177,1.194,26.84,3.7892
2025-03-12,4.199,1.204,26.733,3.7898
2025-03-13,4.184,1.201,26.941,3.7857
2025-03-14,4.204,1.2,27.065,3.7894
2025-03-15,4.223,1.196,26.996,3.7911
2025-03-16,4.21,1.202,27.113,3.7894
2025-03-17,4.194,1.206,27.451,3.789
2025-03-18,4.213,1.213,27.526,3.7901
2025-03-19,4.198,1.213,27.177,3.7857
2025-03-20,4.192,1.199,27.357,3.7871
2025-03-21,4.207,1.187,27.532,3.7848
2025-03-22,4.229,1.193,27.422,3.7861
2025-03-23,4.253,1.189,27.175,3.7841
2025-03-24,4.245,1.183,27.016,3.7866
2025-03-25,4.254,1.192,26.869,3.7861
2025-03-26,4.26,1.192,26.965,3.7899
2025-03-27,4.274,1.202,27.163,3.7888
2025-03-28,4.279,1.198,27.125,3.7872
2025-03-29,4.274,1.209,27.195,3.7882
2025-03-30,4.3,1.203,27.085,3.7872
2025-03-31,4.324,1.19,27.094,3.7822
2025-04-01,4.356,1.198,27.248,3.7785
2025-04-02,4.376,1.203,27.16,3.7828
2025-04-03,4.387,1.19,27.163,3.7843
2025-04-04,4.365,1.18,27.256,3.7813
2025-04-05,4.401,1.186,27.061,3.7784
2025-04-06,4.42,1.178,27.053,3.7779
2025-04-07,4.406,1.181,26.766,3.7756
2025-04-08,4.403,1.176,26.74,3.7746
2025-04-09,4.431,1.173,26.643,3.7737
2025-04-10,4.446,1.156,26.526,3.7728
2025-04-11,4.426,1.153,26.568,3.7765
2025-04-12,4.405,1.154,26.539,3.7744
2025-04-13,4.41,1.151,26.856,3.7737
2025-04-14,4.442,1.157,27.071,3.773
2025-04-15,4.44,1.162,27.127,3.7703
2025-04-16,4.463,1.167,27.281,3.7722
2025-04-17,4.488,1.175,27.333,3.7764
2025-04-18,4.495,1.177,27.338,3.7791
2025-04-19,4.477,1.183,27.383,3.7796
2025-04-20,4.479,1.184,27.427,3.7779
2025-04-21,4.473,1.192,27.477,3.778
2025-04-22,4.476,1.175,27.505,3.7802
2025-04-23,4.465,1.185,27.26,3.7802
2025-04-24,4.443,1.191,27.021,3.7824
2025-04-25,4.454,1.191,26.962,3.7865
2025-04-26,4.437,1.189,26.905,3.7825
2025-04-27,4.457,1.18,26.845,3.782
2025-04-28,4.46,1.175,26.834,3.7799
2025-04-29,4.483,1.179,26.994,3.7853
2025-04-30,4.475,1.179,27.208,3.788
2025-05-01,4.486,1.186,27.236,3.789
2025-05-02,4.494,1.186,27.127,3.789
2025-05-03,4.509,1.175,27.453,3.7919
2025-05-04,4.524,1.168,27.419,3.7928
2025-05-05,4.558,1.15,27.554,3.7936
2025-05-06,4.551,1.157,27.463,3.7945
2025-05-07,4.579,1.158,27.307,3.7943
2025-05-08,4.58,1.151,27.571,3.7989
2025-05-09,4.567,1.156,27.568,3.7954
2025-05-10,4.557,1.146,27.621,3.7954
2025-05-11,4.55,1.159,27.665,3.796
2025-05-12,4.55,1.15,27.716,3.7973
2025-05-13,4.563,1.138,27.701,3.8006
2025-05-14,4.558,1.144,27.718,3.7972
2025-05-15,4.532,1.141,27.701,3.7971
2025-05-16,4.521,1.148,27.878,3.7955
2025-05-17,4.532,1.15,27.902,3.7971
2025-05-18,4.538,1.165,27.774,3.7953
2025-05-19,4.517,1.164,27.893,3.8002
2025-05-20,4.539,1.154,27.944,3.7981
2025-05-21,4.517,1.151,28.03,3.7996
2025-05-22,4.515,1.142,28.037,3.8021
2025-05-23,4.48,1.133,27.953,3.8063
2025-05-24,4.503,1.125,27.975,3.8057
2025-05-25,4.509,1.134,27.851,3.8118
2025-05-26,4.498,1.145,27.555,3.8098
2025-05-27,4.504,1.132,27.464,3.8087
2025-05-28,4.492,1.133,27.439,3.8073
2025-05-29,4.535,1.136,27.548,3.8092
2025-05-30,4.537,1.122,27.746,3.8078
2025-05-31,4.511,1.127,27.857,3.8105
2025-06-01,4.485,1.132,27.695,3.8048
2025-06-02,4.456,1.127,27.825,3.8051
2025-06-03,4.475,1.127,27.809,3.7989
2025-06-04,4.478,1.123,28.177,3.8
2025-06-05,4.458,1.124,28.24,3.7982
2025-06-06,4.465,1.128,28.308,3.7964
2025-06-07,4.488,1.127,28.157,3.7955
2025-06-08,4.471,1.133,27.857,3.7991
2025-06-09,4.458,1.148,27.821,3.7995
2025-06-10,4.469,1.139,27.647,3.8018
2025-06-11,4.485,1.135,27.471,3.7966
2025-06-12,4.485,1.12,27.488,3.7988
2025-06-13,4.491,1.115,27.41,3.7959
2025-06-14,4.505,1.114,27.6,3.7934
2025-06-15,4.498,1.116,27.805,3.7918
2025-06-16,4.498,1.116,27.642,3.7893
2025-06-17,4.484,1.119,27.721,3.7872
2025-06-18,4.489,1.111,27.992,3.785
2025-06-19,4.519,1.109,27.95,3.7865
2025-06-20,4.553,1.115,28.013,3.7891
2025-06-21,4.535,1.11,28.1,3.7841
2025-06-22,4.529,1.094,27.994,3.7779
2025-06-23,4.516,1.082,28.118,3.7793
2025-06-24,4.527,1.073,28.148,3.7802
2025-06-25,4.55,1.077,28.18,3.7824
2025-06-26,4.559,1.094,28.277,3.7844
2025-06-27,4.529,1.105,28.346,3.7814
2025-06-28,4.51,1.114,28.329,3.7789
2025-06-29,4.528,1.117,28.26,3.7735
2025-06-30,4.521,1.125,28.044,3.7751
2025-07-01,4.492,1.134,27.895,3.7748
2025-07-02,4.495,1.13,27.902,3.7744
2025-07-03,4.5,1.136,27.954,3.7755
2025-07-04,4.496,1.132,27.856,3.7733
2025-07-05,4.509,1.13,27.919,3.771
2025-07-06,4.518,1.125,28.046,3.7686
2025-07-07,4.518,1.128,27.973,3.7694
2025-07-08,4.506,1.132,28.156,3.7696
2025-07-09,4.525,1.137,28.143,3.7699
2025-07-10,4.526,1.14,28.062,3.7685
2025-07-11,4.522,1.139,27.919,3.7666
2025-07-12,4.49,1.143,27.844,3.7678
2025-07-13,4.489,1.149,27.728,3.7744
2025-07-14,4.471,1.138,27.743,3.7794
2025-07-15,4.453,1.132,27.647,3.778
2025-07-16,4.457,1.126,27.731,3.7785
2025-07-17,4.488,1.124,27.507,3.7805
2025-07-18,4.479,1.116,27.302,3.7872
2025-07-19,4.499,1.118,27.178,3.7851
2025-07-20,4.524,1.121,27.319,3.7829
2025-07-21,4.505,1.129,27.137,3.7863
2025-07-22,4.518,1.136,27.342,3.7852
2025-07-23,4.519,1.135,27.27,3.7839
2025-07-24,4.526,1.134,27.109,3.7843
2025-07-25,4.538,1.138,27.427,3.7827
2025-07-26,4.553,1.136,27.323,3.784
2025-07-27,4.549,1.134,27.358,3.7817
2025-07-28,4.565,1.132,27.386,3.785
2025-07-29,4.551,1.135,27.386,3.7846
2025-07-30,4.538,1.125,27.568,3.7819
2025-07-31,4.558,1.113,27.581,3.7839
2025-08-01,4.562,1.118,27.622,3.7853
2025-08-02,4.591,1.113,27.455,3.7867
2025-08-03,4.639,1.122,27.684,3.7841
2025-08-04,4.617,1.118,27.824,3.7842
2025-08-05,4.618,1.121,27.74,3.7853
2025-08-06,4.614,1.124,27.639,3.7804
2025-08-07,4.622,1.118,27.824,3.7788
2025-08-08,4.63,1.117,27.603,3.7768
2025-08-09,4.601,1.1,27.493,3.7752
2025-08-10,4.585,1.105,27.617,3.7779
2025-08-11,4.565,1.105,27.309,3.7789
2025-08-12,4.561,1.114,27.318,3.7813
2025-08-13,4.551,1.122,27.076,3.7853
2025-08-14,4.539,1.12,26.936,3.7823
2025-08-15,4.487,1.113,26.933,3.778
2025-08-16,4.485,1.114,26.928,3.774
2025-08-17,4.483,1.116,27.195,3.7724
2025-08-18,4.475,1.113,27.168,3.7767
2025-08-19,4.498,1.109,27.228,3.7773
2025-08-20,4.532,1.117,27.299,3.7801
2025-08-21,4.537,1.125,27.232,3.7758
2025-08-22,4.539,1.124,27.246,3.7727
2025-08-23,4.521,1.116,27.54,3.771
2025-08-24,4.477,1.106,27.717,3.7697
2025-08-25,4.478,1.104,27.557,3.7701
2025-08-26,4.502,1.092,27.752,3.7685
2025-08-27,4.498,1.08,27.99,3.7703
2025-08-28,4.535,1.073,27.935,3.7726
2025-08-29,4.503,1.072,27.79,3.7695
2025-08-30,4.454,1.066,27.859,3.7722
2025-08-31,4.458,1.056,27.916,3.7734
2025-09-01,4.455,1.063,27.774,3.7767
2025-09-02,4.472,1.06,27.807,3.777
2025-09-03,4.495,1.058,27.676,3.7755
2025-09-04,4.476,1.047,27.735,3.7783
2025-09-05,4.447,1.039,27.866,3.7758
2025-09-06,4.441,1.044,27.818,3.7767
2025-09-07,4.451,1.043,27.787,3.7753
2025-09-08,4.436,1.045,27.908,3.7759
2025-09-09,4.417,1.04,28.236,3.7753
2025-09-10,4.41,1.043,28.378,3.7757
2025-09-11,4.386,1.032,28.527,3.7748
2025-09-12,4.364,1.028,28.62,3.7744
2025-09-13,4.379,1.016,28.319,3.7769
2025-09-14,4.38,1.008,27.839,3.7802
2025-09-15,4.334,1.011,28.06,3.7786
2025-09-16,4.297,1.009,27.896,3.7798
2025-09-17,4.319,1.022,27.716,3.7779
2025-09-18,4.284,1.024,27.61,3.7798
2025-09-19,4.268,1.019,27.375,3.7796
2025-09-20,4.271,1.039,27.206,3.7757
2025-09-21,4.31,1.029,27.165,3.7724
2025-09-22,4.355,1.021,27.087,3.7725
2025-09-23,4.32,1.026,27.17,3.7727
2025-09-24,4.306,1.03,27.101,3.7713
2025-09-25,4.31,1.035,27.228,3.7683
2025-09-26,4.308,1.038,27.143,3.7693
2025-09-27,4.322,1.044,26.964,3.7636
2025-09-28,4.337,1.031,26.722,3.765
2025-09-29,4.332,1.039,26.734,3.7643
2025-09-30,4.354,1.041,26.7,3.7624
2025-10-01,4.37,1.039,26.621,3.7583
2025-10-02,4.375,1.03,26.761,3.7588
2025-10-03,4.346,1.034,26.707,3.7577
2025-10-04,4.333,1.032,26.957,3.7632
2025-10-05,4.335,1.026,27.134,3.7668
2025-10-06,4.334,1.029,27.183,3.7678
2025-10-07,4.34,1.032,27.005,3.7704
2025-10-08,4.321,1.026,27.075,3.7726
2025-10-09,4.337,1.011,27.064,3.7746
2025-10-10,4.348,1.023,26.86,3.7756
2025-10-11,4.351,1.017,27.118,3.7734
2025-10-12,4.347,1.009,27.086,3.7748
2025-10-13,4.351,1.006,27.042,3.7802
2025-10-14,4.375,1.001,26.987,3.7817
2025-10-15,4.394,1.0,27.096,3.7803
2025-10-16,4.374,1.013,27.117,3.7842
2025-10-17,4.364,1.034,26.876,3.7911
2025-10-18,4.336,1.029,26.672,3.7908
2025-10-19,4.338,1.033,26.748,3.7935
2025-10-20,4.342,1.029,26.696,3.7958
2025-10-21,4.341,1.03,26.669,3.7982
2025-10-22,4.332,1.012,26.484,3.7952
2025-10-23,4.36,1.008,26.462,3.7956
2025-10-24,4.332,1.0,26.591,3.7902
2025-10-25,4.335,1.015,26.51,3.7913
2025-10-26,4.315,1.019,26.602,3.794
2025-10-27,4.282,1.019,26.736,3.79
2025-10-28,4.291,1.018,26.808,3.7871
2025-10-29,4.261,1.017,26.686,3.7893
2025-10-30,4.268,1.015,26.607,3.788
2025-10-31,4.272,1.021,26.571,3.7887
2025-11-01,4.314,1.02,26.544,3.7849
2025-11-02,4.344,1.017,26.351,3.7802
2025-11-03,4.329,1.015,26.424,3.7856
2025-11-04,4.333,1.008,26.207,3.7871
2025-11-05,4.34,1.004,26.185,3.7846
2025-11-06,4.369,1.018,26.364,3.7865
2025-11-07,4.373,1.031,26.461,3.7865
2025-11-08,4.376,1.032,26.328,3.7857
2025-11-09,4.335,1.032,26.38,3.7894
2025-11-10,4.355,1.029,26.448,3.7867
2025-11-11,4.331,1.024,26.335,3.7885
2025-11-12,4.347,1.028,26.803,3.7905
2025-11-13,4.351,1.028,26.914,3.7929
2025-11-14,4.374,1.024,26.9,3.7894
2025-11-15,4.373,1.035,26.77,3.7962
2025-11-16,4.371,1.044,26.672,3.7965
2025-11-17,4.37,1.058,26.571,3.7923
2025-11-18,4.348,1.065,26.571,3.7962
2025-11-19,4.36,1.061,26.293,3.8014
2025-11-20,4.369,1.061,26.149,3.8064
2025-11-21,4.397,1.046,26.356,3.8109
2025-11-22,4.361,1.046,26.329,3.8158
2025-11-23,4.398,1.035,26.329,3.8174
2025-11-24,4.384,1.024,26.252,3.8186
2025-11-25,4.392,1.004,26.42,3.8179
2025-11-26,4.342,1.014,26.346,3.8107
2025-11-27,4.344,1.016,26.329,3.8085
2025-11-28,4.34,1.019,26.228,3.8079
2025-11-29,4.357,1.006,26.191,3.81
2025-11-30,4.367,1.0,26.018,3.8111
2025-12-01,4.362,1.011,26.292,3.8055
2025-12-02,4.326,1.007,26.381,3.8042
2025-12-03,4.358,1.005,26.128,3.8032
2025-12-04,4.361,1.001,26.353,3.8066
2025-12-05,4.376,1.0,26.333,3.8058
2025-12-06,4.37,1.0,26.571,3.8052
2025-12-07,4.374,1.0,26.669,3.8069
2025-12-08,4.356,1.0,26.667,3.8065
2025-12-09,4.343,1.003,26.671,3.8038
2025-12-10,4.321,1.015,26.862,3.8051
2025-12-11,4.292,1.012,26.9,3.8052
2025-12-12,4.314,1.005,26.838,3.7985
2025-12-13,4.323,1.005,26.907,3.7959
2025-12-14,4.317,1.0,26.769,3.7969
2025-12-15,4.338,1.0,26.759,3.7987
2025-12-16,4.344,1.0,26.678,3.8036
2025-12-17,4.32,1.005,26.701,3.8016
2025-12-18,4.318,1.008,26.619,3.8004
2025-12-19,4.347,1.013,26.417,3.7977
2025-12-20,4.353,1.012,26.317,3.7976
2025-12-21,4.301,1.021,26.071,3.8003
2025-12-22,4.291,1.016,26.002,3.8029
2025-12-23,4.312,1.018,26.049,3.8078
2025-12-24,4.347,1.021,25.835,3.8045
2025-12-25,4.308,1.01,25.968,3.8028
2025-12-26,4.309,1.009,25.773,3.8018
2025-12-27,4.284,1.0,25.66,3.8011
2025-12-28,4.284,1.0,25.927,3.8031
2025-12-29,4.294,1.008,25.736,3.8015
2025-12-30,4.313,1.002,25.774,3.8013
2025-12-31,4.3,1.0,25.991,3.7993
2026-01-01,4.298,1.0,26.222,3.8028
2026-01-02,4.279,1.002,26.531,3.8034
2026-01-03,4.281,1.016,26.529,3.8038
2026-01-04,4.297,1.015,26.436,3.8025
2026-01-05,4.338,1.006,26.619,3.8026
2026-01-06,4.302,1.007,26.363,3.8042
2026-01-07,4.305,1.007,26.169,3.7976
2026-01-08,4.301,1.0,25.856,3.7949
2026-01-09,4.298,1.011,25.896,3.7851
2026-01-10,4.27,1.029,25.96,3.7885
2026-01-11,4.222,1.026,26.12,3.7843
2026-01-12,4.202,1.029,26.046,3.7818
2026-01-13,4.201,1.029,25.965,3.7841
2026-01-14,4.21,1.019,26.077,3.7833
2026-01-15,4.202,1.024,26.098,3.7785
2026-01-16,4.216,1.03,26.073,3.7733
2026-01-17,4.205,1.022,26.091,3.7729
2026-01-18,4.204,1.028,26.106,3.7765
2026-01-19,4.188,1.018,26.118,3.7749
2026-01-20,4.197,1.022,26.272,3.7805
2026-01-21,4.174,1.019,26.421,3.7803
2026-01-22,4.146,1.01,26.423,3.7776
2026-01-23,4.148,1.025,26.438,3.7787
2026-01-24,4.143,1.026,26.051,3.7771
2026-01-25,4.154,1.015,25.964,3.7844
2026-01-26,4.155,1.031,25.82,3.7786
2026-01-27,4.196,1.03,25.934,3.7806
2026-01-28,4.2,1.043,25.986,3.789
2026-01-29,4.221,1.046,25.889,3.7877
2026-01-30,4.217,1.039,25.936,3.7889
2026-01-31,4.223,1.022,25.765,3.7869
2026-02-01,4.185,1.021,25.813,3.7896
2026-02-02,4.172,1.01,25.827,3.7954
2026-02-03,4.18,1.011,25.554,3.7951
2026-02-04,4.199,1.022,25.719,3.7923
2026-02-05,4.209,1.023,25.704,3.7896
2026-02-06,4.209,1.029,25.992,3.7915
2026-02-07,4.202,1.025,25.844,3.7908
2026-02-08,4.169,1.031,25.737,3.7918
2026-02-09,4.175,1.041,25.814,3.7879
2026-02-10,4.192,1.026,25.62,3.7832
2026-02-11,4.183,1.022,25.56,3.7815
2026-02-12,4.215,1.022,25.462,3.78
2026-02-13,4.249,1.023,25.525,3.7762
2026-02-14,4.242,1.02,25.465,3.7777
2026-02-15,4.228,1.0,25.549,3.7797
2026-02-16,4.238,1.006,25.587,3.7759
2026-02-17,4.209,1.001,25.698,3.7758
2026-02-18,4.213,1.01,25.841,3.7708
2026-02-19,4.232,1.01,25.826,3.7763
2026-02-20,4.24,1.007,25.892,3.7859
2026-02-21,4.267,1.006,25.876,3.7868
2026-02-22,4.257,1.029,26.058,3.7901
2026-02-23,4.252,1.03,26.186,3.7933
2026-02-24,4.264,1.038,26.227,3.7891
2026-02-25,4.256,1.025,26.188,3.795
2026-02-26,4.255,1.012,26.35,3.7924
2026-02-27,4.26,1.0,26.028,3.7946
2026-02-28,4.292,1.007,26.003,3.7976
2026-03-01,4.288,1.006,26.148,3.8012
2026-03-02,4.291,1.0,26.285,3.8025
2026-03-03,4.255,1.006,26.102,3.8016
2026-03-04,4.277,1.0,26.345,3.7986
2026-03-05,4.296,1.006,26.38,3.8005
2026-03-06,4.302,1.0,26.249,3.7982
2026-03-07,4.272,1.0,26.084,3.7964
2026-03-08,4.24,1.005,25.924,3.7906
2026-03-09,4.298,1.017,25.912,3.7908
2026-03-10,4.293,1.017,25.803,3.7916
2026-03-11,4.28,1.019,25.747,3.7847
2026-03-12,4.249,1.027,25.444,3.7861
2026-03-13,4.265,1.018,25.762,3.7809
2026-03-14,4.273,1.025,25.779,3.7841
2026-03-15,4.251,1.017,25.749,3.7827
2026-03-16,4.26,1.024,26.005,3.7845
2026-03-17,4.196,1.03,25.818,3.7912
2026-03-18,4.207,1.03,25.777,3.796
2026-03-19,4.186,1.049,25.822,3.7923
2026-03-20,4.198,1.056,25.908,3.796
2026-03-21,4.212,1.058,25.819,3.7944
2026-03-22,4.182,1.077,25.764,3.7925
2026-03-23,4.18,1.08,25.837,3.7993
2026-03-24,4.205,1.094,25.645,3.8018
2026-03-25,4.208,1.081,25.497,3.7954
2026-03-26,4.211,1.083,25.197,3.7987
2026-03-27,4.23,1.081,25.273,3.7965
2026-03-28,4.215,1.081,25.085,3.7944
2026-03-29,4.229,1.088,25.036,3.7908
2026-03-30,4.203,1.09,25.142,3.7933
2026-03-31,4.207,1.104,25.154,3.7925
2026-04-01,4.202,1.094,25.179,3.7932
2026-04-02,4.205,1.109,24.98,3.7917
2026-04-03,4.181,1.102,24.901,3.7894
2026-04-04,4.176,1.123,25.161,3.792
2026-04-05,4.189,1.114,25.158,3.7945
2026-04-06,4.186,1.128,25.244,3.7969
2026-04-07,4.205,1.125,25.511,3.7994
2026-04-08,4.202,1.123,25.497,3.7991
2026-04-09,4.194,1.134,25.451,3.7975
2026-04-10,4.192,1.143,25.353,3.8028
2026-04-11,4.167,1.141,25.306,3.7999
2026-04-12,4.171,1.127,25.336,3.7992
2026-04-13,4.195,1.127,25.406,3.7978
2026-04-14,4.219,1.138,25.457,3.7991
2026-04-15,4.241,1.135,25.741,3.7985
2026-04-16,4.247,1.128,25.618,3.7981
2026-04-17,4.247,1.137,25.698,3.7989
2026-04-18,4.229,1.142,25.714,3.7975
2026-04-19,4.219,1.149,25.794,3.7994
2026-04-20,4.228,1.146,25.583,3.8033
2026-04-21,4.221,1.142,25.777,3.803
2026-04-22,4.235,1.16,25.739,3.8011
2026-04-23,4.222,1.16,25.55,3.8009
2026-04-24,4.178,1.169,25.639,3.7949
2026-04-25,4.178,1.166,25.312,3.7938
2026-04-26,4.165,1.17,25.317,3.7923
2026-04-27,4.168,1.171,25.432,3.793
2026-04-28,4.166,1.173,25.674,3.7922
2026-04-29,4.132,1.166,25.519,3.7971
2026-04-30,4.149,1.172,25.41,3.795
2026-05-01,4.167,1.173,25.277,3.7972
2026-05-02,4.164,1.191,25.465,3.8044
2026-05-03,4.153,1.195,25.548,3.8062
2026-05-04,4.142,1.196,25.574,3.8006
2026-05-05,4.142,1.194,25.571,3.7996
2026-05-06,4.13,1.195,25.501,3.8001
2026-05-07,4.11,1.197,25.463,3.7988
2026-05-08,4.12,1.185,25.412,3.792
2026-05-09,4.122,1.181,25.492,3.7929
2026-05-10,4.136,1.178,25.453,3.7965
2026-05-11,4.114,1.175,25.367,3.799
2026-05-12,4.136,1.173,25.177,3.8052
2026-05-13,4.118,1.191,25.525,3.8011
2026-05-14,4.122,1.193,25.451,3.7986
2026-05-15,4.116,1.182,25.35,3.8002
2026-05-16,4.112,1.186,25.256,3.7938
2026-05-17,4.118,1.169,25.361,3.7908
2026-05-18,4.116,1.173,25.393,3.7907
2026-05-19,4.155,1.173,25.333,3.7905
2026-05-20,4.131,1.175,25.458,3.7935
2026-05-21,4.151,1.162,25.495,3.7921
2026-05-22,4.192,1.173,25.643,3.7913
2026-05-23,4.173,1.186,25.447,3.7959
2026-05-24,4.164,1.191,25.794,3.7967
2026-05-25,4.175,1.189,25.713,3.7953
2026-05-26,4.174,1.186,25.875,3.7928
2026-05-27,4.204,1.183,25.835,3.7941
2026-05-28,4.221,1.185,25.967,3.795
2026-05-29,4.21,1.19,25.837,3.7944
2026-05-30,4.214,1.194,25.656,3.7949
2026-05-31,4.209,1.182,25.45,3.7926
2026-06-01,4.224,1.181,25.435,3.7945
2026-06-02,4.237,1.179,25.582,3.7936
2026-06-03,4.249,1.188,25.527,3.7953
2026-06-04,4.207,1.209,25.679,3.7921
2026-06-05,4.192,1.215,25.702,3.7905
2026-06-06,4.183,1.213,25.742,3.7856
2026-06-07,4.212,1.207,25.745,3.7887
2026-06-08,4.227,1.212,25.492,3.7897
2026-06-09,4.229,1.213,25.635,3.7952
2026-06-10,4.2,1.206,25.515,3.794
2026-06-11,4.18,1.207,25.414,3.7943
2026-06-12,4.165,1.195,25.223,3.7948
2026-06-13,4.151,1.212,25.222,3.7924
2026-06-14,4.174,1.202,24.949,3.792
2026-06-15,4.187,1.196,25.009,3.7893
2026-06-16,4.175,1.193,24.884,3.7963
2026-06-17,4.165,1.181,24.909,3.7964
2026-06-18,4.174,1.182,25.073,3.7949
2026-06-19,4.141,1.185,25.055,3.79
2026-06-20,4.135,1.188,25.129,3.7908
2026-06-21,4.153,1.175,25.229,3.7948
2026-06-22,4.146,1.175,25.354,3.8008
2026-06-23,4.132,1.175,25.481,3.7968
2026-06-24,4.117,1.183,25.601,3.799
2026-06-25,4.104,1.187,25.706,3.7977
2026-06-26,4.105,1.196,25.548,3.7999
2026-06-27,4.112,1.199,25.755,3.7987
2026-06-28,4.075,1.215,25.817,3.7942
2026-06-29,4.088,1.23,25.877,3.7921
2026-06-30,4.115,1.229,26.089,3.7924
2026-07-01,4.1,1.234,26.298,3.7918
2026-07-02,4.11,1.236,26.373,3.7959
2026-07-03,4.139,1.25,26.225,3.7948
2026-07-04,4.149,1.249,26.095,3.7966
2026-07-05,4.128,1.246,25.957,3.7987
2026-07-06,4.138,1.252,25.971,3.7972
2026-07-07,4.148,1.255,25.826,3.797
2026-07-08,4.167,1.257,25.76,3.7955
2026-07-09,4.187,1.256,25.699,3.7946
2026-07-10,4.197,1.265,25.62,3.7897
2026-07-11,4.216,1.264,25.605,3.7887
2026-07-12,4.182,1.269,25.414,3.7903
2026-07-13,4.185,1.266,25.424,3.7893
2026-07-14,4.14,1.27,25.517,3.7877
2026-07-15,4.128,1.271,25.643,3.7834
2026-07-16,4.146,1.253,25.822,3.7831
2026-07-17,4.115,1.251,25.923,3.784
2026-07-18,4.112,1.25,25.869,3.7849
2026-07-19,4.131,1.26,25.943,3.7846
2026-07-20,4.089,1.26,25.886,3.7899
2026-07-21,4.074,1.261,25.832,3.7912
2026-07-22,4.093,1.252,25.698,3.7846
2026-07-23,4.131,1.254,25.814,3.7821
2026-07-24,4.13,1.254,25.966,3.7812
2026-07-25,4.154,1.257,25.889,3.7831
2026-07-26,4.144,1.238,25.795,3.7867
2026-07-27,4.191,1.23,25.835,3.786
2026-07-28,4.186,1.222,25.571,3.7869
2026-07-29,4.192,1.216,25.502,3.7856
2026-07-30,4.173,1.205,25.634,3.7864
2026-07-31,4.177,1.215,25.509,3.7906
2026-08-01,4.178,1.223,25.592,3.7881
2026-08-02,4.177,1.229,25.641,3.7913
2026-08-03,4.188,1.24,26.001,3.7901
2026-08-04,4.183,1.228,25.912,3.7945
2026-08-05,4.125,1.235,26.206,3.7931
2026-08-06,4.078,1.226,26.26,3.7969
2026-08-07,4.075,1.24,26.015,3.798
2026-08-08,4.111,1.233,25.939,3.7974
2026-08-09,4.109,1.239,26.185,3.7977
2026-08-10,4.104,1.243,26.212,3.7987
2026-08-11,4.142,1.249,26.098,3.7967
2026-08-12,4.122,1.244,25.976,3.7908
2026-08-13,4.127,1.256,25.775,3.7899
2026-08-14,4.117,1.257,25.822,3.7932
2026-08-15,4.129,1.257,25.793,3.7944
2026-08-16,4.141,1.24,25.823,3.7937
2026-08-17,4.156,1.248,25.998,3.7896
2026-08-18,4.17,1.257,26.141,3.7875
2026-08-19,4.142,1.26,26.036,3.7837
2026-08-20,4.158,1.265,25.894,3.7891
2026-08-21,4.15,1.261,25.748,3.7874
2026-08-22,4.164,1.268,25.573,3.7894
2026-08-23,4.186,1.265,25.704,3.7918
2026-08-24,4.206,1.277,25.616,3.7959
2026-08-25,4.171,1.283,25.58,3.8009
2026-08-26,4.161,1.271,25.609,3.8027
2026-08-27,4.138,1.269,25.443,3.8056
2026-08-28,4.144,1.273,25.532,3.8074
2026-08-29,4.119,1.269,25.832,3.8052
2026-08-30,4.111,1.27,25.684,3.8039
2026-08-31,4.124,1.279,25.626,3.8061
2026-09-01,4.114,1.276,25.568,3.8092
2026-09-02,4.121,1.275,25.499,3.8114
2026-09-03,4.154,1.293,25.447,3.8066
2026-09-04,4.173,1.295,25.588,3.8074
2026-09-05,4.189,1.294,25.67,3.804
2026-09-06,4.207,1.298,25.678,3.8048
2026-09-07,4.2,1.292,25.629,3.8072
2026-09-08,4.186,1.294,25.657,3.8097
2026-09-09,4.16,1.281,25.851,3.8104
2026-09-10,4.182,1.297,25.928,3.8161
2026-09-11,4.187,1.286,25.794,3.8169
2026-09-12,4.198,1.282,25.575,3.8153
2026-09-13,4.152,1.27,25.659,3.8183
2026-09-14,4.163,1.279,25.922,3.8137
2026-09-15,4.204,1.281,25.776,3.8078
2026-09-16,4.2,1.29,25.646,3.8073
2026-09-17,4.18,1.28,25.555,3.8079
2026-09-18,4.197,1.275,25.358,3.8093
2026-09-19,4.163,1.275,25.189,3.8129
2026-09-20,4.155,1.266,25.224,3.8168
2026-09-21,4.14,1.26,25.293,3.8121
2026-09-22,4.156,1.27,25.237,3.8135
2026-09-23,4.174,1.266,25.535,3.8152
2026-09-24,4.189,1.269,25.351,3.8178
2026-09-25,4.168,1.262,25.295,3.8248
2026-09-26,4.177,1.282,25.152,3.8274
2026-09-27,4.194,1.29,25.053,3.8221
2026-09-28,4.178,1.289,25.094,3.8172
2026-09-29,4.187,1.296,25.059,3.8116
2026-09-30,4.193,1.289,24.769,3.8158
2026-10-01,4.202,1.281,24.529,3.8207
2026-10-02,4.211,1.276,24.393,3.8218
2026-10-03,4.208,1.281,24.338,3.8204
2026-10-04,4.218,1.303,24.27,3.8145
2026-10-05,4.196,1.306,24.426,3.8132
2026-10-06,4.228,1.302,24.74,3.819
2026-10-07,4.23,1.299,24.58,3.8171
2026-10-08,4.237,1.297,24.757,3.8135
2026-10-09,4.236,1.291,24.914,3.8122
2026-10-10,4.238,1.298,24.9,3.8129
2026-10-11,4.253,1.305,24.922,3.8156
2026-10-12,4.262,1.304,24.941,3.8162
2026-10-13,4.242,1.311,25.248,3.8161
2026-10-14,4.246,1.304,25.322,3.8176
2026-10-15,4.237,1.302,25.309,3.8172
2026-10-16,4.261,1.302,25.301,3.818
2026-10-17,4.228,1.308,25.531,3.8165
2026-10-18,4.253,1.303,25.444,3.8164
2026-10-19,4.246,1.287,25.371,3.8199
2026-10-20,4.237,1.277,25.409,3.8152
2026-10-21,4.234,1.27,25.485,3.8126
2026-10-22,4.246,1.28,25.712,3.8116
2026-10-23,4.211,1.273,25.888,3.8145
2026-10-24,4.23,1.282,25.912,3.8142
2026-10-25,4.224,1.274,26.135,3.8125
2026-10-26,4.206,1.275,26.251,3.8052
2026-10-27,4.237,1.286,26.368,3.8082
2026-10-28,4.252,1.277,26.358,3.805
2026-10-29,4.271,1.29,26.499,3.8011
2026-10-30,4.263,1.286,26.32,3.8009
2026-10-31,4.286,1.277,26.267,3.8007
2026-11-01,4.303,1.263,26.612,3.7976
2026-11-02,4.329,1.256,26.793,3.7954
2026-11-03,4.332,1.249,27.008,3.7932
2026-11-04,4.321,1.241,26.953,3.7947
2026-11-05,4.31,1.236,27.029,3.7951
2026-11-06,4.315,1.244,27.166,3.7962
2026-11-07,4.308,1.24,27.11,3.7964
2026-11-08,4.305,1.249,26.823,3.7938
2026-11-09,4.296,1.239,26.878,3.7926
2026-11-10,4.315,1.24,26.507,3.7892
2026-11-11,4.335,1.231,26.583,3.7853
2026-11-12,4.361,1.239,26.687,3.7848
2026-11-13,4.373,1.243,26.902,3.7889
2026-11-14,4.348,1.236,26.958,3.7877
2026-11-15,4.354,1.241,26.836,3.7838
2026-11-16,4.365,1.24,27.083,3.7845
2026-11-17,4.352,1.236,27.159,3.7804
2026-11-18,4.324,1.237,26.834,3.778
2026-11-19,4.363,1.24,26.883,3.7818
2026-11-20,4.344,1.236,26.768,3.7841
2026-11-21,4.342,1.233,26.994,3.7859
2026-11-22,4.361,1.222,27.158,3.7883
2026-11-23,4.367,1.226,27.109,3.7879
2026-11-24,4.363,1.221,27.025,3.7865
2026-11-25,4.385,1.23,27.185,3.7844
2026-11-26,4.382,1.229,27.426,3.7866
2026-11-27,4.396,1.224,27.321,3.7857
2026-11-28,4.381,1.24,27.322,3.7889
2026-11-29,4.376,1.24,27.383,3.7894
2026-11-30,4.378,1.24,27.295,3.7855
2026-12-01,4.317,1.232,27.365,3.788
2026-12-02,4.311,1.23,27.273,3.7878
2026-12-03,4.353,1.231,27.139,3.7907
2026-12-04,4.385,1.241,27.155,3.7893
2026-12-05,4.354,1.246,27.094,3.7944
2026-12-06,4.384,1.231,27.331,3.7942
2026-12-07,4.372,1.237,27.403,3.7936
2026-12-08,4.392,1.253,27.111,3.7976
2026-12-09,4.437,1.263,27.232,3.7918
2026-12-10,4.435,1.257,27.137,3.7963
2026-12-11,4.418,1.264,27.039,3.7973
2026-12-12,4.412,1.263,26.836,3.7998
2026-12-13,4.423,1.267,26.912,3.7992
2026-12-14,4.393,1.273,26.711,3.7945
2026-12-15,4.405,1.27,26.701,3.7939
2026-12-16,4.422,1.273,26.565,3.7929
2026-12-17,4.408,1.261,26.541,3.794
2026-12-18,4.443,1.258,26.344,3.7857
2026-12-19,4.451,1.254,26.314,3.7854
2026-12-20,4.427,1.259,26.01,3.7857
2026-12-21,4.374,1.265,26.143,3.7873
2026-12-22,4.379,1.267,26.207,3.786
2026-12-23,4.379,1.276,26.356,3.7829
2026-12-24,4.396,1.273,26.293,3.7858
2026-12-25,4.385,1.261,26.403,3.7897
2026-12-26,4.357,1.25,26.349,3.7934
2026-12-27,4.347,1.257,26.545,3.7894
2026-12-28,4.389,1.254,26.907,3.7831
2026-12-29,4.391,1.242,26.83,3.7844
2026-12-30,4.384,1.236,26.892,3.7824
2026-12-31,4.402,1.218,27.186,3.7765
2027-01-01,4.422,1.212,27.303,3.7769
2027-01-02,4.44,1.22,27.201,3.7746
2027-01-03,4.438,1.221,27.562,3.7724
2027-01-04,4.417,1.227,27.912,3.7733
2027-01-05,4.435,1.225,27.978,3.772
2027-01-06,4.412,1.225,27.788,3.7782
2027-01-07,4.389,1.219,28.087,3.7746
2027-01-08,4.38,1.23,28.014,3.775
2027-01-09,4.393,1.238,27.552,3.7732
2027-01-10,4.406,1.247,27.395,3.7745
2027-01-11,4.41,1.241,27.339,3.7775
2027-01-12,4.404,1.246,27.292,3.7762
2027-01-13,4.464,1.247,27.439,3.7789
2027-01-14,4.457,1.264,27.633,3.7823
2027-01-15,4.454,1.263,27.435,3.7839
2027-01-16,4.44,1.276,27.237,3.7807
2027-01-17,4.449,1.275,27.302,3.7844
2027-01-18,4.417,1.278,27.212,3.7865
2027-01-19,4.391,1.276,27.186,3.7883
2027-01-20,4.389,1.279,27.233,3.7898
2027-01-21,4.419,1.271,27.354,3.7935
2027-01-22,4.426,1.281,27.232,3.7969
2027-01-23,4.425,1.276,27.157,3.7978
2027-01-24,4.396,1.272,27.21,3.799
2027-01-25,4.401,1.263,27.261,3.7952
2027-01-26,4.381,1.267,27.322,3.7954
2027-01-27,4.369,1.284,27.356,3.791
2027-01-28,4.36,1.292,27.286,3.788
2027-01-29,4.335,1.282,27.067,3.7869
2027-01-30,4.316,1.282,26.982,3.7882
2027-01-31,4.328,1.294,26.724,3.7894
2027-02-01,4.307,1.289,26.654,3.7897
2027-02-02,4.302,1.272,26.517,3.7871
2027-02-03,4.26,1.27,26.46,3.7835
2027-02-04,4.248,1.276,26.648,3.7848
2027-02-05,4.208,1.269,26.98,3.7794
2027-02-06,4.202,1.28,26.881,3.7808
2027-02-07,4.223,1.277,27.01,3.784
2027-02-08,4.196,1.284,27.007,3.7819
2027-02-09,4.219,1.276,27.195,3.7802
2027-02-10,4.207,1.279,27.241,3.7762
2027-02-11,4.207,1.276,27.384,3.7845
2027-02-12,4.177,1.272,27.222,3.7836
2027-02-13,4.196,1.273,27.142,3.7796
2027-02-14,4.209,1.279,27.347,3.7836
2027-02-15,4.23,1.274,26.84,3.7835
2027-02-16,4.22,1.292,26.835,3.7835
2027-02-17,4.229,1.283,26.894,3.7834
2027-02-18,4.216,1.295,26.738,3.7817
2027-02-19,4.216,1.296,26.576,3.7843
2027-02-20,4.254,1.294,26.771,3.7815
2027-02-21,4.237,1.293,26.736,3.7825
2027-02-22,4.25,1.296,26.757,3.7776
2027-02-23,4.265,1.281,26.88,3.7807
2027-02-24,4.267,1.279,26.858,3.7793
2027-02-25,4.264,1.274,26.905,3.784
2027-02-26,4.225,1.268,26.736,3.7822
2027-02-27,4.224,1.272,26.825,3.7778
2027-02-28,4.221,1.278,27.001,3.7798
2027-03-01,4.231,1.284,27.262,3.774
2027-03-02,4.249,1.292,27.041,3.7763
2027-03-03,4.24,1.295,27.287,3.7751
2027-03-04,4.267,1.294,27.207,3.7758
2027-03-05,4.266,1.308,27.426,3.776
2027-03-06,4.274,1.318,27.572,3.7737
2027-03-07,4.273,1.323,27.775,3.7735
2027-03-08,4.262,1.319,27.802,3.7715
2027-03-09,4.245,1.322,27.655,3.7673
2027-03-10,4.256,1.321,27.672,3.7661
2027-03-11,4.257,1.318,27.707,3.7623
2027-03-12,4.226,1.322,27.705,3.7669
2027-03-13,4.265,1.338,28.008,3.7693
2027-03-14,4.286,1.349,27.806,3.7664
2027-03-15,4.245,1.337,27.909,3.7729
2027-03-16,4.221,1.342,28.03,3.7711
2027-03-17,4.212,1.337,28.088,3.7712
2027-03-18,4.191,1.33,28.183,3.7679
2027-03-19,4.211,1.326,28.433,3.7636
2027-03-20,4.206,1.337,28.327,3.7606
2027-03-21,4.205,1.334,28.235,3.761
2027-03-22,4.245,1.328,28.023,3.76
2027-03-23,4.229,1.327,27.776,3.7618
2027-03-24,4.23,1.323,27.826,3.7605
2027-03-25,4.234,1.329,27.704,3.7611
2027-03-26,4.235,1.322,27.587,3.7567
2027-03-27,4.277,1.336,27.736,3.7575
2027-03-28,4.254,1.348,27.425,3.7568
2027-03-29,4.243,1.357,27.368,3.7623
2027-03-30,4.237,1.363,27.412,3.7602
2027-03-31,4.208,1.354,27.553,3.763
2027-04-01,4.224,1.356,27.504,3.7677
2027-04-02,4.227,1.362,27.784,3.7644
2027-04-03,4.215,1.37,27.889,3.7596
2027-04-04,4.237,1.368,28.026,3.7578
2027-04-05,4.247,1.366,28.002,3.759
2027-04-06,4.235,1.376,28.081,3.7591
2027-04-07,4.247,1.37,27.999,3.7559
2027-04-08,4.259,1.391,27.944,3.7537
2027-04-09,4.196,1.398,28.009,3.7509
2027-04-10,4.221,1.396,27.895,3.7477
2027-04-11,4.217,1.388,27.853,3.7466
2027-04-12,4.255,1.4,28.083,3.7465
2027-04-13,4.264,1.4,28.061,3.7466
2027-04-14,4.276,1.4,27.921,3.7447
2027-04-15,4.269,1.4,28.459,3.7466
2027-04-16,4.254,1.396,28.365,3.7409
2027-04-17,4.254,1.37,28.718,3.7366
2027-04-18,4.266,1.378,28.784,3.7391
2027-04-19,4.266,1.376,28.718,3.7386
2027-04-20,4.235,1.38,28.365,3.7414
2027-04-21,4.216,1.381,27.954,3.7423
2027-04-22,4.232,1.374,27.903,3.7467
2027-04-23,4.186,1.364,27.893,3.7471
2027-04-24,4.192,1.364,27.943,3.7448
2027-04-25,4.189,1.366,27.62,3.7399
2027-04-26,4.175,1.367,27.56,3.7361
2027-04-27,4.17,1.362,27.842,3.7393
2027-04-28,4.156,1.354,27.904,3.7359
2027-04-29,4.153,1.355,27.89,3.7357
2027-04-30,4.124,1.364,27.609,3.7324
2027-05-01,4.125,1.362,27.695,3.7317
2027-05-02,4.113,1.364,27.895,3.7321
2027-05-03,4.119,1.363,27.845,3.7348
2027-05-04,4.096,1.352,27.727,3.7394
2027-05-05,4.089,1.353,27.604,3.7374
2027-05-06,4.11,1.352,27.651,3.741
2027-05-07,4.112,1.35,27.829,3.7343
2027-05-08,4.081,1.352,27.989,3.7347
2027-05-09,4.082,1.374,27.895,3.7351
2027-05-10,4.082,1.374,27.794,3.7293
2027-05-11,4.08,1.379,27.728,3.7291
2027-05-12,4.09,1.366,27.429,3.7264
2027-05-13,4.089,1.364,27.249,3.7235
2027-05-14,4.104,1.376,26.972,3.7219
2027-05-15,4.118,1.382,26.761,3.7214
2027-05-16,4.122,1.371,26.649,3.7226
2027-05-17,4.138,1.371,26.733,3.7247
2027-05-18,4.153,1.378,26.842,3.7253
2027-05-19,4.172,1.383,26.802,3.7248
2027-05-20,4.133,1.375,26.948,3.7242
2027-05-21,4.155,1.378,26.877,3.7253
2027-05-22,4.186,1.384,27.052,3.7296
2027-05-23,4.202,1.384,27.214,3.7225
2027-05-24,4.18,1.381,27.054,3.7219
2027-05-25,4.189,1.389,26.957,3.72
2027-05-26,4.187,1.4,26.772,3.714
2027-05-27,4.149,1.391,26.59,3.7129
2027-05-28,4.151,1.4,26.535,3.71
2027-05-29,4.177,1.4,26.432,3.7053
2027-05-30,4.154,1.4,26.329,3.7031
2027-05-31,4.134,1.4,26.448,3.7075
2027-06-01,4.151,1.4,26.43,3.7075
2027-06-02,4.156,1.399,26.511,3.704
2027-06-03,4.166,1.4,26.38,3.7011
2027-06-04,4.195,1.396,26.337,3.6971
2027-06-05,4.191,1.4,26.237,3.7012
2027-06-06,4.174,1.39,26.242,3.7057
2027-06-07,4.161,1.4,26.083,3.7033
2027-06-08,4.134,1.392,26.033,3.7029
2027-06-09,4.144,1.384,25.994,3.7027
2027-06-10,4.136,1.372,25.918,3.7055
2027-06-11,4.106,1.368,25.954,3.7073
2027-06-12,4.095,1.372,26.19,3.7077
2027-06-13,4.114,1.359,26.444,3.706
2027-06-14,4.116,1.35,26.434,3.7042
2027-06-15,4.119,1.349,26.362,3.7026
2027-06-16,4.128,1.347,26.574,3.7017
2027-06-17,4.141,1.365,26.394,3.7009
2027-06-18,4.146,1.38,26.044,3.6985
2027-06-19,4.141,1.382,25.916,3.7014
2027-06-20,4.19,1.4,25.601,3.702
2027-06-21,4.159,1.394,25.431,3.7003
2027-06-22,4.156,1.383,25.269,3.7035
2027-06-23,4.15,1.393,25.021,3.7057
2027-06-24,4.088,1.384,24.922,3.7101
2027-06-25,4.095,1.378,25.028,3.7103
2027-06-26,4.106,1.381,24.951,3.7105
2027-06-27,4.132,1.39,24.953,3.7156
2027-06-28,4.138,1.391,24.995,3.72
2027-06-29,4.156,1.398,24.854,3.7211
2027-06-30,4.156,1.397,24.925,3.7219
2027-07-01,4.169,1.4,25.22,3.7173
2027-07-02,4.148,1.4,25.107,3.7158
2027-07-03,4.144,1.396,25.019,3.7131
2027-07-04,4.148,1.4,24.766,3.7102
2027-07-05,4.155,1.4,24.745,3.7095
2027-07-06,4.122,1.397,24.753,3.706
2027-07-07,4.137,1.4,24.821,3.7041
2027-07-08,4.142,1.397,24.982,3.7022
2027-07-09,4.112,1.4,24.826,3.7012
2027-07-10,4.111,1.388,24.913,3.6985
2027-07-11,4.122,1.387,24.858,3.6987
2027-07-12,4.114,1.382,24.955,3.7032
2027-07-13,4.093,1.385,25.149,3.7073
2027-07-14,4.093,1.389,25.222,3.7088
2027-07-15,4.066,1.39,25.31,3.7101
2027-07-16,4.073,1.4,25.361,3.7102
2027-07-17,4.048,1.387,25.149,3.7036
2027-07-18,4.037,1.384,25.1,3.7108
2027-07-19,4.054,1.378,25.364,3.7094
2027-07-20,4.091,1.377,25.335,3.7074
2027-07-21,4.112,1.391,25.288,3.7079
2027-07-22,4.096,1.395,25.342,3.709
2027-07-23,4.072,1.4,25.164,3.7138
2027-07-24,4.072,1.396,24.917,3.71
2027-07-25,4.124,1.397,24.702,3.7083
2027-07-26,4.099,1.4,24.459,3.7074
2027-07-27,4.082,1.4,24.345,3.7087
2027-07-28,4.102,1.394,24.237,3.7095
2027-07-29,4.098,1.382,23.85,3.7066
2027-07-30,4.13,1.375,24.074,3.7038
2027-07-31,4.153,1.364,24.092,3.7025
2027-08-01,4.169,1.368,24.278,3.7012
2027-08-02,4.138,1.362,24.339,3.7033
2027-08-03,4.1,1.355,24.402,3.7049
2027-08-04,4.11,1.356,24.172,3.7051
2027-08-05,4.099,1.356,24.017,3.7089
2027-08-06,4.111,1.375,24.127,3.7119
2027-08-07,4.113,1.383,24.005,3.7177
2027-08-08,4.104,1.389,23.666,3.7209
2027-08-09,4.135,1.395,23.683,3.7224
2027-08-10,4.11,1.4,23.622,3.7231
2027-08-11,4.086,1.382,23.533,3.7221
2027-08-12,4.073,1.387,23.429,3.7238
2027-08-13,4.064,1.395,23.518,3.7251
2027-08-14,4.079,1.39,23.59,3.7251
2027-08-15,4.056,1.392,23.611,3.7273
2027-08-16,4.046,1.382,23.539,3.7215
2027-08-17,4.091,1.373,23.625,3.7227
2027-08-18,4.094,1.376,23.815,3.7295
2027-08-19,4.113,1.373,23.72,3.7229
2027-08-20,4.154,1.369,23.791,3.7231
2027-08-21,4.164,1.366,23.859,3.7276
2027-08-22,4.147,1.375,23.765,3.7267
2027-08-23,4.15,1.369,23.685,3.7289
2027-08-24,4.15,1.366,23.68,3.7303
2027-08-25,4.154,1.373,23.695,3.7283
2027-08-26,4.132,1.36,23.787,3.7286
2027-08-27,4.133,1.359,23.941,3.729
2027-08-28,4.115,1.344,24.039,3.7236
2027-08-29,4.134,1.333,24.395,3.7255
2027-08-30,4.17,1.328,24.349,3.7228
2027-08-31,4.168,1.327,24.571,3.72
2027-09-01,4.173,1.334,24.754,3.7167
2027-09-02,4.192,1.33,24.82,3.7195
2027-09-03,4.184,1.339,24.661,3.7232
2027-09-04,4.182,1.322,24.445,3.7282
2027-09-05,4.183,1.312,24.533,3.7335
2027-09-06,4.216,1.305,24.55,3.7357
2027-09-07,4.219,1.316,24.607,3.7395
2027-09-08,4.202,1.317,24.449,3.7405
2027-09-09,4.213,1.289,24.326,3.7384
2027-09-10,4.214,1.283,24.419,3.7359
2027-09-11,4.203,1.293,24.192,3.7369
2027-09-12,4.2,1.295,24.123,3.7412
2027-09-13,4.193,1.292,24.291,3.7422
2027-09-14,4.198,1.296,24.258,3.7454
2027-09-15,4.186,1.284,24.067,3.7449
2027-09-16,4.165,1.3,24.158,3.7437
2027-09-17,4.145,1.302,24.164,3.7479
2027-09-18,4.17,1.295,24.071,3.7477
2027-09-19,4.159,1.297,24.095,3.7419
2027-09-20,4.164,1.289,24.209,3.7396
2027-09-21,4.16,1.3,24.135,3.7401
2027-09-22,4.156,1.311,24.347,3.7431
2027-09-23,4.149,1.318,24.382,3.7462
2027-09-24,4.145,1.326,24.119,3.7492
2027-09-25,4.118,1.316,24.075,3.7533
2027-09-26,4.102,1.307,23.959,3.7511
2027-09-27,4.121,1.296,23.891,3.7544
2027-09-28,4.16,1.31,23.709,3.754
2027-09-29,4.132,1.299,23.542,3.7479
2027-09-30,4.126,1.302,23.492,3.7432
2027-10-01,4.13,1.307,23.549,3.7438
2027-10-02,4.101,1.303,23.553,3.747
2027-10-03,4.106,1.287,23.55,3.7444
2027-10-04,4.121,1.29,23.624,3.7468
2027-10-05,4.109,1.293,23.482,3.7447
2027-10-06,4.113,1.274,23.268,3.7446
2027-10-07,4.112,1.286,23.094,3.7454
2027-10-08,4.085,1.291,23.171,3.7399
2027-10-09,4.079,1.299,23.129,3.7382
2027-10-10,4.105,1.296,22.892,3.7387
2027-10-11,4.087,1.298,22.881,3.7391
2027-10-12,4.067,1.291,22.751,3.7415
2027-10-13,4.092,1.292,22.627,3.7416
2027-10-14,4.112,1.289,22.671,3.7426
2027-10-15,4.083,1.302,22.812,3.7468
2027-10-16,4.1,1.313,22.577,3.7453
2027-10-17,4.112,1.313,22.654,3.7465
2027-10-18,4.13,1.315,22.547,3.7522
2027-10-19,4.127,1.31,22.687,3.7518
2027-10-20,4.113,1.323,22.658,3.7551
2027-10-21,4.109,1.34,22.555,3.7484
2027-10-22,4.102,1.333,22.453,3.7453
2027-10-23,4.096,1.329,22.27,3.7449
2027-10-24,4.097,1.322,22.153,3.7473
2027-10-25,4.092,1.317,22.163,3.751
2027-10-26,4.088,1.308,22.14,3.7505
2027-10-27,4.065,1.307,22.0,3.7526
2027-10-28,4.086,1.304,22.0,3.7495
2027-10-29,4.087,1.306,22.09,3.7527
2027-10-30,4.088,1.308,22.0,3.7521
2027-10-31,4.065,1.307,22.048,3.7482
2027-11-01,4.088,1.297,22.0,3.7485
2027-11-02,4.098,1.292,22.0,3.75
2027-11-03,4.128,1.288,22.057,3.748
2027-11-04,4.104,1.3,22.345,3.7441
2027-11-05,4.108,1.31,22.319,3.7421
2027-11-06,4.09,1.314,22.143,3.7436
2027-11-07,4.082,1.324,22.0,3.7448
2027-11-08,4.087,1.327,22.013,3.7433
2027-11-09,4.09,1.322,22.0,3.7424
2027-11-10,4.109,1.328,22.102,3.7425
2027-11-11,4.105,1.31,22.054,3.7429
2027-11-12,4.107,1.328,22.0,3.7405
2027-11-13,4.086,1.34,22.107,3.7416
2027-11-14,4.09,1.343,22.0,3.7448
2027-11-15,4.097,1.361,22.0,3.7453
2027-11-16,4.133,1.375,22.0,3.7399
2027-11-17,4.166,1.376,22.0,3.7471
2027-11-18,4.152,1.378,22.225,3.7426
2027-11-19,4.125,1.391,22.14,3.7376
2027-11-20,4.129,1.387,22.092,3.7397
2027-11-21,4.126,1.386,22.254,3.7395
2027-11-22,4.111,1.398,22.299,3.7412
2027-11-23,4.116,1.397,22.114,3.7398
2027-11-24,4.125,1.391,22.102,3.7389
2027-11-25,4.129,1.4,22.333,3.7366
2027-11-26,4.118,1.385,22.266,3.7296
2027-11-27,4.129,1.377,22.424,3.7347
2027-11-28,4.135,1.364,22.308,3.7369
2027-11-29,4.15,1.365,22.238,3.7448
2027-11-30,4.154,1.354,22.371,3.7455
2027-12-01,4.163,1.358,22.36,3.7501
2027-12-02,4.14,1.364,22.188,3.747
2027-12-03,4.15,1.349,22.0,3.7446
2027-12-04,4.146,1.34,22.04,3.7481
2027-12-05,4.19,1.345,22.0,3.7438
2027-12-06,4.175,1.349,22.0,3.7397
2027-12-07,4.201,1.357,22.157,3.7391
2027-12-08,4.205,1.349,22.08,3.7437
2027-12-09,4.191,1.35,22.0,3.7436
2027-12-10,4.222,1.336,22.143,3.7457
2027-12-11,4.241,1.345,22.168,3.743
2027-12-12,4.231,1.353,22.099,3.7404
2027-12-13,4.225,1.344,22.0,3.74
2027-12-14,4.222,1.346,22.0,3.7455
2027-12-15,4.22,1.335,22.0,3.7473
2027-12-16,4.204,1.336,22.0,3.7451
2027-12-17,4.189,1.334,22.032,3.745
2027-12-18,4.168,1.334,22.0,3.7512
2027-12-19,4.156,1.335,22.027,3.7488
2027-12-20,4.131,1.335,22.127,3.7526
2027-12-21,4.129,1.336,22.082,3.7545
2027-12-22,4.109,1.35,22.217,3.7533
2027-12-23,4.098,1.356,22.524,3.7541
2027-12-24,4.084,1.361,22.4,3.7539
2027-12-25,4.075,1.359,22.3,3.7555
2027-12-26,4.057,1.346,22.51,3.7552
2027-12-27,4.043,1.35,22.365,3.7594
2027-12-28,4.066,1.343,22.125,3.7641
2027-12-29,4.05,1.336,22.084,3.7672
2027-12-30,4.075,1.339,22.0,3.769
2027-12-31,4.044,1.343,22.0,3.7688
